-- phpMyAdmin SQL Dump
-- version 4.8.3
-- https://www.phpmyadmin.net/
--
-- Host: localhost:7888
-- Generation Time: Dec 28, 2019 at 06:08 PM
-- Server version: 5.7.24-log
-- PHP Version: 7.2.10

SET SQL_MODE = "NO_AUTO_VALUE_ON_ZERO";
SET AUTOCOMMIT = 0;
START TRANSACTION;
SET time_zone = "+00:00";


/*!40101 SET @OLD_CHARACTER_SET_CLIENT=@@CHARACTER_SET_CLIENT */;
/*!40101 SET @OLD_CHARACTER_SET_RESULTS=@@CHARACTER_SET_RESULTS */;
/*!40101 SET @OLD_COLLATION_CONNECTION=@@COLLATION_CONNECTION */;
/*!40101 SET NAMES utf8mb4 */;

--
-- Database: `vtcs_dev`
--

-- --------------------------------------------------------

--
-- Table structure for table `brands`
--

CREATE TABLE `brands` (
  `id` bigint(20) NOT NULL,
  `name` varchar(60) NOT NULL,
  `created_at` datetime NOT NULL,
  `updated_at` datetime NOT NULL
) ENGINE=InnoDB DEFAULT CHARSET=utf8;

--
-- Dumping data for table `brands`
--

INSERT INTO `brands` (`id`, `name`, `created_at`, `updated_at`) VALUES
(1, 'Adam', '2019-11-18 15:10:03', '2019-11-18 15:10:03');

-- --------------------------------------------------------

--
-- Table structure for table `carts`
--

CREATE TABLE `carts` (
  `id` bigint(20) NOT NULL,
  `user_id` bigint(20) NOT NULL,
  `product_id` bigint(20) NOT NULL,
  `size_id` bigint(10) NOT NULL,
  `quantity` bigint(11) NOT NULL,
  `created_at` datetime NOT NULL,
  `updated_at` datetime NOT NULL
) ENGINE=InnoDB DEFAULT CHARSET=utf8;

-- --------------------------------------------------------

--
-- Table structure for table `categories`
--

CREATE TABLE `categories` (
  `id` bigint(20) NOT NULL,
  `name` varchar(60) NOT NULL,
  `created_at` datetime NOT NULL,
  `updated_at` datetime NOT NULL
) ENGINE=InnoDB DEFAULT CHARSET=utf8;

--
-- Dumping data for table `categories`
--

INSERT INTO `categories` (`id`, `name`, `created_at`, `updated_at`) VALUES
(1, 'VEST', '2019-11-18 15:20:21', '2019-11-18 15:20:21'),
(2, 'SƠ MI', '2019-11-18 15:20:21', '2019-11-18 15:20:21'),
(3, 'CARAVAT', '2019-11-18 15:20:21', '2019-11-18 15:20:21'),
(4, 'NƠ', '2019-11-18 15:20:21', '2019-11-18 15:20:21'),
(5, 'KHĂN CÀI VEST', '2019-11-18 15:20:21', '2019-11-18 15:20:21'),
(6, 'GIÀY DA', '2019-11-18 15:20:21', '2019-11-18 15:20:21'),
(7, 'ÁO DA', '2019-11-18 15:20:21', '2019-11-18 15:20:21'),
(8, 'QUẦN ÂU', '2019-11-18 15:20:21', '2019-11-18 15:20:21');

-- --------------------------------------------------------

--
-- Table structure for table `comments`
--

CREATE TABLE `comments` (
  `id` bigint(20) NOT NULL,
  `user_id` bigint(20) NOT NULL,
  `product_id` bigint(20) NOT NULL,
  `content` varchar(255) NOT NULL,
  `active` varchar(255) NOT NULL,
  `created_at` datetime NOT NULL,
  `updated_at` datetime NOT NULL
) ENGINE=InnoDB DEFAULT CHARSET=utf8;

-- --------------------------------------------------------

--
-- Table structure for table `orders`
--

CREATE TABLE `orders` (
  `id` bigint(20) NOT NULL,
  `user_id` bigint(20) NOT NULL,
  `partner_id` bigint(20) DEFAULT NULL,
  `delivery_type` varchar(50) NOT NULL,
  `status` varchar(50) NOT NULL,
  `price` double DEFAULT NULL,
  `reason_cancel` varchar(255) DEFAULT NULL,
  `created_at` datetime NOT NULL,
  `updated_at` datetime NOT NULL
) ENGINE=InnoDB DEFAULT CHARSET=utf8;

-- --------------------------------------------------------

--
-- Table structure for table `order_details`
--

CREATE TABLE `order_details` (
  `id` bigint(20) NOT NULL,
  `order_id` bigint(20) NOT NULL,
  `product_id` bigint(20) NOT NULL,
  `size_id` bigint(20) NOT NULL,
  `price` double NOT NULL,
  `quantity` bigint(20) NOT NULL,
  `created_at` datetime NOT NULL,
  `updated_at` datetime NOT NULL
) ENGINE=InnoDB DEFAULT CHARSET=utf8;

-- --------------------------------------------------------

--
-- Table structure for table `partners`
--

CREATE TABLE `partners` (
  `id` bigint(20) NOT NULL,
  `name` varchar(60) NOT NULL,
  `address` varchar(255) NOT NULL,
  `phone_number` varchar(20) NOT NULL,
  `email` varchar(100) NOT NULL,
  `price` double NOT NULL,
  `delivery_type` varchar(50) NOT NULL,
  `created_at` datetime NOT NULL,
  `updated_at` datetime NOT NULL
) ENGINE=InnoDB DEFAULT CHARSET=utf8;

--
-- Dumping data for table `partners`
--

INSERT INTO `partners` (`id`, `name`, `address`, `phone_number`, `email`, `price`, `delivery_type`, `created_at`, `updated_at`) VALUES
(2, 'Công Ty Cổ Phần Đầu Tư Thành Mỹ', 'Ngõ 79, Ngọc Hồi, Hoàng Mai,Hà Nội', ' 0986102166', 'thanhmyjsic@gmail.com', 60000, 'Giao hàng tiêu chuẩn', '2019-11-18 14:34:49', '2019-11-18 14:34:49'),
(3, ' Công Ty TNHH Vận Tải & Thương Mại Tuấn Mạnh', 'Tổ 21 Xóm Bãi , Phường Thanh Trì, Quận Hoàng Mai,Hà Nội', '0243645289', 'ctytuanmanh@gmail.com', 70000, 'Giao hàng nhanh', '2019-11-18 14:34:49', '2019-11-18 14:34:49'),
(4, 'Công Ty TNHH Vận Tải Và Thương Mại Nhật Thiên Hương', '716 Nơ 22, Khu Đô Thị Pháp Vân, Hoàng Liệt, Hoàng Mai,Hà Nội', '0243683072', 'nhatthienhuonglogistics@gmail.com', 80000, 'Giao hàng nhanh', '2019-11-18 14:34:49', '2019-11-18 14:34:49');

-- --------------------------------------------------------

--
-- Table structure for table `products`
--

CREATE TABLE `products` (
  `id` bigint(20) NOT NULL,
  `category_id` bigint(20) NOT NULL,
  `brand_id` bigint(20) NOT NULL,
  `name` varchar(60) NOT NULL,
  `price` double NOT NULL,
  `image` varchar(255) NOT NULL,
  `created_at` datetime NOT NULL,
  `updated_at` datetime NOT NULL
) ENGINE=InnoDB DEFAULT CHARSET=utf8;

--
-- Dumping data for table `products`
--

INSERT INTO `products` (`id`, `category_id`, `brand_id`, `name`, `price`, `image`, `created_at`, `updated_at`) VALUES
(2, 1, 1, 'Áo Vest Đen Thường (NEW)', 1000000, 'vest/AO_VEST_DEN_THUONG_(NEW).jpg', '2019-11-09 12:50:58', '2019-12-19 15:57:54'),
(3, 1, 1, 'Áo Vest Đen Vá Viền (NEW)', 2200000, 'vest/AO_VEST_DVVMM.jpg', '2019-11-09 13:03:44', '2019-12-13 17:01:06'),
(4, 1, 1, 'Áo Vest Kẻ Ô Xanh Sẫm', 2400000, 'vest/AO_VEST_KE_O_XANH_SAM.jpg', '2019-11-10 15:58:25', '2019-12-13 17:01:06'),
(5, 1, 1, 'Áo Vest Kẻ Ô Xanh', 2500000, 'vest/AO_VEST_KE_O_XANH_SANG.jpg', '2019-11-12 03:02:20', '2019-12-13 17:01:06'),
(6, 1, 1, 'Áo Vest Kẻ Xanh Ô Đỏ', 2600000, 'vest/AO_VEST_KE_XANH_O_DO.jpg', '2019-11-12 03:02:29', '2019-12-13 17:01:06'),
(7, 1, 1, 'Áo Vest Nâu LH26', 1800000, 'vest/AO_VEST_LH26_NAU.jpg', '2019-11-14 17:06:02', '2019-12-13 17:01:06'),
(8, 1, 1, 'Áo Vest Nâu 2HK', 1800000, 'vest/AO_VEST_NAU_2HK.jpg', '2019-11-14 17:09:01', '2019-12-13 17:01:07'),
(9, 1, 1, 'Áo Vest Nâu', 1800000, 'vest/AO_VEST_NAU.jpg', '2019-11-14 17:10:17', '2019-12-13 17:01:07'),
(10, 1, 1, 'Áo Vest Trắng 2 Khuy', 2200000, 'vest/AO_VEST_TRANG_2_KHUY.jpg', '2019-11-14 17:11:00', '2019-12-13 17:01:07'),
(11, 1, 1, 'Áo Vest Xanh Bò Tối', 2200000, 'vest/AO_VEST_XANH_BO_TOI.jpg', '2019-11-14 17:11:47', '2019-12-13 17:01:07'),
(12, 1, 1, 'Áo Vest Xanh Đen Nhũ', 2200000, 'vest/AO_VEST_XANH_DEN_NHU.jpg', '2019-11-14 17:12:27', '2019-12-13 17:01:07'),
(13, 1, 1, 'Áo Vest Xanh Nhũ Đỏ', 2200000, 'vest/AO_VEST_XANH_NHU_DO.jpg', '2019-11-14 17:13:05', '2019-12-13 17:01:07'),
(14, 1, 1, 'Áo Vest Xanh Rêu 2HK', 1800000, 'vest/AO_VEST_XANH_REU_2HK.jpg', '2019-11-14 17:13:20', '2019-12-13 17:01:08'),
(15, 1, 1, 'Áo Vest Xanh Rêu', 1500000, 'vest/AO_VEST_XANH_REU.jpg', '2019-11-14 17:14:08', '2019-12-13 17:01:08'),
(16, 1, 1, 'Áo Vest Xanh', 1500000, 'vest/AO_VEST_XANH.jpg', '2019-11-14 17:14:44', '2019-12-13 17:01:08'),
(17, 2, 1, 'Áo Sơ Mi BBR Cao Cấp Nâu Sáng Kẻ', 700000, 'so_mi/AO_SO_MI_BBR_CAO_CAP_NAU_SANG_KE.jpg', '2019-11-15 13:14:57', '2019-12-13 17:01:08'),
(18, 2, 1, 'Áo Sơ Mi Cao Cấp Ghi Vân Vàng', 650000, 'so_mi/AO_SO_MI_CAO_CAP_GHI_VAN_VANG.jpg', '2019-11-15 13:14:57', '2019-12-13 17:01:08'),
(19, 2, 1, 'Áo Sơ Mi Cao Cấp Kẻ Xanh', 650000, 'so_mi/AO_SO_MI_CAO_CAP_KE_XANH.jpg', '2019-11-15 13:14:57', '2019-12-13 17:01:09'),
(20, 2, 1, 'Áo Sơ Mi Đen Nam Cao Cấp', 500000, 'so_mi/AO_SO_MI_DEN_NAM_CAO_CAP.jpg', '2019-11-15 13:14:57', '2019-12-13 17:01:09'),
(21, 2, 1, 'Áo Sơ Mi Đen Nam Phối Vai Nhũ', 750000, 'so_mi/AO_SO_MI_DEN_NAM_PHOI_VAI_NHU.jpg', '2019-11-15 13:14:57', '2019-12-13 17:01:09'),
(22, 2, 1, 'Áo Sơ Mi Đen Nam Thêu Họa Tiết', 750000, 'so_mi/AO_SO_MI_DEN_NAM_THEU_HOA_TIET.jpg', '2019-11-15 13:14:57', '2019-12-13 17:01:09'),
(23, 2, 1, 'Áo Sơ Mi Đen Nam VTC STORE', 500000, 'so_mi/AO_SO_MI_DEN_NAM_VTC_STORE.jpg', '2019-11-15 13:14:57', '2019-12-13 17:01:09'),
(24, 2, 1, 'Áo Sơ Mi Đen Nam Xếp Ly Ngang', 700000, 'so_mi/AO_SO_MI_DEN_NAM_XEP_LY_NGANG.jpg', '2019-11-15 13:14:57', '2019-12-13 17:01:10'),
(25, 2, 1, 'Áo Sơ Mi Đẹp Nam Ghi Hoa', 650000, 'so_mi/AO_SO_MI_DEP_NAM_GHI_HOA.jpg', '2019-11-15 13:14:57', '2019-12-13 17:01:10'),
(26, 2, 1, 'Áo Sơ Mi Họa Tiết Sáng Màu', 650000, 'so_mi/AO_SO_MI_HOA_TIET_SANG_MAU.jpg', '2019-11-15 13:14:57', '2019-12-13 17:01:10'),
(27, 2, 1, 'Áo Sơ Mi Kẻ Ghi Nam', 500000, 'so_mi/AO_SO_MI_KE_GHI_NAM.jpg', '2019-11-15 13:14:57', '2019-12-13 17:01:10'),
(28, 2, 1, 'Áo Sơ Mi Nam BBR Nâu Kẻ Đen', 700000, 'so_mi/AO_SO_MI_NAM_BBR_NAU_KE_DEN.jpg', '2019-11-15 13:14:57', '2019-12-13 17:01:10'),
(29, 2, 1, 'Áo Sơ Mi Nam BBR Xanh Sẫm', 700000, 'so_mi/AO_SO_MI_NAM_BBR_XANH_SAM.jpg', '2019-11-15 13:14:57', '2019-12-13 17:01:10'),
(30, 2, 1, 'Áo Sơ Mi Nam Cao Cấp Ghi Đậm Vân Chìm', 650000, 'so_mi/AO_SO_MI_NAM_CAO_CAP_GHI_DAM_VAN_CHIM.jpg', '2019-11-15 13:14:57', '2019-12-13 17:01:11'),
(31, 2, 1, 'Áo Sơ Mi Nam Cao Cấp Họa Tiết', 650000, 'so_mi/AO_SO_MI_NAM_CAO_CAP_HOA_TIET.jpg', '2019-11-15 13:14:57', '2019-12-13 17:01:11'),
(32, 2, 1, 'Áo Sơ Mi Nam Cao Cấp Kẻ Ghi Sáng', 700000, 'so_mi/AO_SO_MI_NAM_CAO_CAP_KE_GHI_SANG.jpg', '2019-11-15 13:14:57', '2019-12-13 17:01:11'),
(33, 3, 1, 'Cà Vạt Đẹp VTCV0013', 350000, 'caravat/CA_VAT_DEP_VTCV0013.jpg', '2019-11-15 13:42:47', '2019-12-13 17:01:11'),
(34, 3, 1, 'Cà Vạt Đẹp VTCV0031', 350000, 'caravat/CA_VAT_DEP_VTCV0031.jpg', '2019-11-15 13:42:47', '2019-12-13 17:01:11'),
(35, 3, 1, 'Cà Vạt Đẹp VTCV0034', 350000, 'caravat/CA_VAT_DEP_VTCV0034.jpg', '2019-11-15 13:42:47', '2019-12-13 17:01:11'),
(36, 3, 1, 'Cà Vạt Đẹp VTCV0038', 350000, 'caravat/CA_VAT_DEP_VTCV0038.jpg', '2019-11-15 13:42:47', '2019-12-13 17:01:11'),
(37, 3, 1, 'Cà Vạt Đẹp VTCV0039', 350000, 'caravat/CA_VAT_DEP_VTCV0039.jpg', '2019-11-15 13:42:47', '2019-12-13 17:01:11'),
(38, 3, 1, 'Cà Vạt Đẹp VTCV0045', 350000, 'caravat/CA_VAT_DEP_VTCV0045.jpg', '2019-11-15 13:42:47', '2019-12-13 17:01:11'),
(39, 3, 1, 'Cà Vạt Đẹp VTCV0046', 350000, 'caravat/CA_VAT_DEP_VTCV0046.jpg', '2019-11-15 13:42:47', '2019-12-13 17:01:11'),
(40, 3, 1, 'Cà Vạt Nam VTCV0011', 350000, 'caravat/CA_VAT_NAM_VTCV0011.jpg', '2019-11-15 13:42:47', '2019-12-13 17:01:11'),
(41, 3, 1, 'Cà Vạt Nam VTCV0012', 350000, 'caravat/CA_VAT_NAM_VTCV0012.jpg', '2019-11-15 13:42:47', '2019-12-13 17:01:11'),
(42, 3, 1, 'Cà Vạt Nam VTCV0018', 350000, 'caravat/CA_VAT_NAM_VTCV0018.jpg', '2019-11-15 13:42:47', '2019-12-13 17:01:11'),
(43, 3, 1, 'Cà Vạt Nam VTCV0027', 350000, 'caravat/CA_VAT_NAM_VTCV0027.jpg', '2019-11-15 13:42:47', '2019-12-13 17:01:11'),
(44, 3, 1, 'Cà Vạt Nam VTCV0028', 350000, 'caravat/CA_VAT_NAM_VTCV0028.jpg', '2019-11-15 13:42:47', '2019-12-13 17:01:12'),
(45, 3, 1, 'Cà Vạt Nam VTCV0041', 350000, 'caravat/CA_VAT_NAM_VTCV0041.jpg', '2019-11-15 13:42:47', '2019-12-13 17:01:12'),
(46, 3, 1, 'Cà Vạt Nam VTCV0048', 350000, 'caravat/CA_VAT_NAM_VTCV0048.jpg', '2019-11-15 13:42:47', '2019-12-13 17:01:12'),
(47, 3, 1, 'Cà Vạt Nam VTCV0049', 350000, 'caravat/CA_VAT_NAM_VTCV0049.jpg', '2019-11-15 13:42:47', '2019-12-13 17:01:12'),
(48, 3, 1, 'Cà Vạt VTCV0038', 350000, 'caravat/CA_VAT_VTCV0038.jpg', '2019-11-15 13:42:47', '2019-12-13 17:01:12'),
(49, 4, 1, 'Nơ 250', 250000, 'no/NO_250.jpg', '2019-11-15 13:43:32', '2019-12-13 17:01:12'),
(50, 4, 1, 'Nơ Cài VEST VTN0039', 250000, 'no/NO_CAI_VEST_VTN0039.jpg', '2019-11-15 13:43:32', '2019-12-13 17:01:12'),
(51, 4, 1, 'Nơ Cài VEST VTN0040', 250000, 'no/NO_CAI_VEST_VTN0040.jpg', '2019-11-15 13:43:32', '2019-12-13 17:01:12'),
(52, 4, 1, 'Nơ Cài VEST VTN0041', 250000, 'no/NO_CAI_VEST_VTN0041.jpg', '2019-11-15 13:43:32', '2019-12-13 17:01:12'),
(53, 4, 1, 'Nơ Cài VEST VTN0044', 250000, 'no/NO_CAI_VEST_VTN0044.jpg', '2019-11-15 13:43:32', '2019-12-13 17:01:12'),
(54, 4, 1, 'Nơ Cài VEST VTN0045', 250000, 'no/NO_CAI_VEST_VTN0045.jpg', '2019-11-15 13:43:32', '2019-12-13 17:01:12'),
(55, 4, 1, 'Nơ Cài VEST VTN0048', 250000, 'no/NO_CAI_VEST_VTN0048.jpg', '2019-11-15 13:43:32', '2019-12-13 17:01:12'),
(56, 4, 1, 'Nơ Cài VEST VTN0051', 250000, 'no/NO_CAI_VEST_VTN0051.jpg', '2019-11-15 13:43:32', '2019-12-13 17:01:12'),
(57, 4, 1, 'Nơ Cài VEST VTN0052', 250000, 'no/NO_CAI_VEST_VTN0052.jpg', '2019-11-15 13:43:32', '2019-12-13 17:01:12'),
(58, 4, 1, 'Nơ Cài VEST VTN0053', 250000, 'no/NO_CAI_VEST_VTN0053.jpg', '2019-11-15 13:43:32', '2019-12-13 17:01:12'),
(59, 4, 1, 'Nơ Cài VEST VTN0065', 250000, 'no/NO_CAI_VEST_VTN0065.jpg', '2019-11-15 13:43:32', '2019-12-13 17:01:12'),
(60, 5, 1, 'Khăn Cài Túi Áo VEST VTK0025', 150000, 'khan_cai_vest/KHAN_AO_VEST_VTK0025.jpg', '2019-11-15 13:43:32', '2019-12-13 17:01:12'),
(61, 5, 1, 'Khăn Cài Túi Áo VEST VTK0026', 150000, 'khan_cai_vest/KHAN_AO_VEST_VTK0026.jpg', '2019-11-15 13:43:32', '2019-12-13 17:01:12'),
(62, 5, 1, 'Khăn Cài Túi Áo VEST VTK0027', 150000, 'khan_cai_vest/KHAN_AO_VEST_VTK0027.jpg', '2019-11-15 13:43:32', '2019-12-13 17:01:12'),
(63, 5, 1, 'Khăn Cài Túi Áo VEST VTK0028', 150000, 'khan_cai_vest/KHAN_AO_VEST_VTK0028.jpg', '2019-11-15 13:43:32', '2019-12-13 17:01:12'),
(64, 5, 1, 'Khăn Cài Túi Áo VEST VTK0031', 150000, 'khan_cai_vest/KHAN_AO_VEST_VTK0031.jpg', '2019-11-15 13:43:32', '2019-12-13 17:01:12'),
(65, 5, 1, 'Khăn Cài Túi Áo VEST VTK0033', 150000, 'khan_cai_vest/KHAN_AO_VEST_VTK0033.jpg', '2019-11-15 13:43:37', '2019-12-13 17:01:12'),
(66, 5, 1, 'Khăn Cài Túi Áo VEST VTK0034', 150000, 'khan_cai_vest/KHAN_AO_VEST_VTK0034.jpg', '2019-11-15 13:43:37', '2019-12-13 17:01:12'),
(67, 5, 1, 'Khăn Cài Túi Áo VEST VTK0035', 150000, 'khan_cai_vest/KHAN_AO_VEST_VTK0035.jpg', '2019-11-15 13:43:37', '2019-12-13 17:01:13'),
(68, 5, 1, 'Khăn Cài Túi Áo VEST VTK0038', 150000, 'khan_cai_vest/KHAN_AO_VEST_VTK0038.jpg', '2019-11-15 13:43:37', '2019-12-13 17:01:13'),
(69, 5, 1, 'Khăn Cài Túi Áo VEST VTK0039', 150000, 'khan_cai_vest/KHAN_AO_VEST_VTK0039.jpg', '2019-11-15 13:43:37', '2019-12-13 17:01:13'),
(70, 5, 1, 'Khăn Cài Túi Áo VEST VTK0008', 150000, 'khan_cai_vest/KHAN_CAI_TUI_AO_VEST_VTK0008.jpg', '2019-11-15 13:43:37', '2019-12-13 17:01:13'),
(71, 5, 1, 'Khăn Cài Túi Áo VEST VTK0009', 150000, 'khan_cai_vest/KHAN_CAI_TUI_AO_VEST_VTK0009.jpg', '2019-11-15 13:43:37', '2019-12-13 17:01:13'),
(72, 5, 1, 'Khăn Cài Túi Áo VEST VTK0011', 150000, 'khan_cai_vest/KHAN_CAI_TUI_AO_VEST_VTK0011.jpg', '2019-11-15 13:43:37', '2019-12-13 17:01:13'),
(73, 5, 1, 'Khăn Cài Túi Áo VEST VTK0012', 150000, 'khan_cai_vest/KHAN_CAI_TUI_AO_VEST_VTK0012.jpg', '2019-11-15 13:43:37', '2019-12-13 17:01:13'),
(74, 5, 1, 'Khăn Cài Túi Áo VEST VTK0013', 150000, 'khan_cai_vest/KHAN_CAI_TUI_AO_VEST_VTK0013.jpg', '2019-11-15 13:43:37', '2019-12-13 17:01:13'),
(75, 5, 1, 'Khăn Cài Túi Áo VEST VTK0014', 150000, 'khan_cai_vest/KHAN_CAI_TUI_AO_VEST_VTK0014.jpg', '2019-11-15 13:43:37', '2019-12-13 17:01:13'),
(76, 6, 1, 'Giày Âu Nam Chấm Nhỏ TAG GUCCI', 1650000, 'giay_da/GIAY_AU_NAM_CHAM_NHO_TAG_GUCCI.jpg', '2019-11-15 13:43:37', '2019-12-13 17:01:13'),
(77, 6, 1, 'Giày Âu Nam Đen TAG Trắng VTC STORE', 1650000, 'giay_da/GIAY_AU_NAM_DEN_TAG_TRANG_VTC_STORE.jpg', '2019-11-15 13:43:37', '2019-12-13 17:01:13'),
(78, 6, 1, 'Giày Âu Nam Đen Thừng Kép', 1600000, 'giay_da/GIAY_AU_NAM_DEN_THUNG_KEP.jpg', '2019-11-15 13:43:37', '2019-12-13 17:01:13'),
(79, 6, 1, 'Giày Âu Nam Nâu Họa Tiết Thừng Kép', 1600000, 'giay_da/GIAY_AU_NAM_NAU_HOA_TIET_THUNG_KEP.jpg', '2019-11-15 13:43:37', '2019-12-13 17:01:14'),
(80, 6, 1, 'Giày Công Sở Nam Đen Bóng TAG Ngang', 1700000, 'giay_da/GIAY_CONG_SO_NAM_DEN_BONG_TAG_NGANG.jpg', '2019-11-15 13:43:37', '2019-12-13 17:01:14'),
(81, 6, 1, 'Giày Da Đen Vân Cá Sấu', 1600000, 'giay_da/GIAY_DA_DEN_VAN_CA_SAU.jpg', '2019-11-15 16:04:48', '2019-12-13 17:01:14'),
(82, 6, 1, 'Giày Da Nam Công Sở Nâu Quai Ngang', 1550000, 'giay_da/GIAY_DA_NAM_CONG_SO_NAU_QUAI_NGANG.jpg', '2019-11-15 16:04:48', '2019-12-13 17:01:14'),
(83, 6, 1, 'Giày Da Nam Đen Sần Mới', 1650000, 'giay_da/GIAY_DA_NAM_DEN_SAN_MOI.jpg', '2019-11-15 16:04:48', '2019-12-13 17:01:14'),
(84, 6, 1, 'Giày Da Nam Đen TAG Ngang VTC STORE', 1650000, 'giay_da/GIAY_DA_NAM_DEN_TAG_NGANG_VTC_STORE.jpg', '2019-11-15 16:04:48', '2019-12-13 17:01:15'),
(85, 6, 1, 'Giày Da Nam Đen Thừng VTC STORE', 1600000, 'giay_da/GIAY_DA_NAM_DEN_THUNG_VTC_STORE.jpg', '2019-11-15 16:04:48', '2019-12-13 17:01:15'),
(86, 6, 1, 'Giày Da Nam Đẹp Đen Sần TAG Đen', 1650000, 'giay_da/GIAY_DA_NAM_DEP_DEN_SAN_TAG_DEN.jpg', '2019-11-15 16:04:48', '2019-12-13 17:01:15'),
(87, 6, 1, 'Giày Da Nam Đẹp Phối Nhung', 1700000, 'giay_da/GIAY_DA_NAM_DEP_PHOI_NHUNG.jpg', '2019-11-15 16:04:48', '2019-12-13 17:01:15'),
(88, 6, 1, 'Giày Da Nam Sần VTC STORE', 1550000, 'giay_da/GIAY_DA_NAM_SAN_VTC_STORE.jpg', '2019-11-15 16:04:48', '2019-12-13 17:01:15'),
(89, 6, 1, 'Giày Lười Da Nam Đen Sần TAG Vàng', 1600000, 'giay_da/GIAY_LUOI_DA_NAM_DEN_SAN_TAG_VANG.jpg', '2019-11-15 16:04:48', '2019-12-13 17:01:16'),
(90, 6, 1, 'Giày Lười Nam Đen Bóng TAG Quai Sần', 1650000, 'giay_da/GIAY_LUOI_NAM_DEN_BONG_TAG_QUAI_SAN.jpg', '2019-11-15 16:04:48', '2019-12-13 17:01:16'),
(91, 6, 1, 'Giày Lười Nam Đen VTC STORE', 1800000, 'giay_da/GIAY_LUOI_NAM_DEN_VTC_STORE.jpg', '2019-11-15 16:04:48', '2019-12-13 17:01:16'),
(92, 7, 1, 'Áo Da Đen Cổ Lông', 1500000, 'ao_da/DEN_CO_LONG.jpg', '2019-11-15 17:01:34', '2019-12-13 17:01:16'),
(93, 7, 1, 'Áo Da Đen TXVT7258D', 1500000, 'ao_da/DEN_TXVT7258D.jpg', '2019-11-15 17:01:34', '2019-12-13 17:01:17'),
(94, 7, 1, 'Áo Da Ghi AKBB909G', 1500000, 'ao_da/GHI_AKBB909G.jpg', '2019-11-15 17:01:34', '2019-12-13 17:01:17'),
(95, 7, 1, 'Áo Da Ghi VT9928G', 1500000, 'ao_da/GHI_VT9928G.jpg', '2019-11-15 17:01:34', '2019-12-13 17:01:17'),
(96, 7, 1, 'Áo Da Màu Mận Cổ Lông', 1500000, 'ao_da/MAU_MAN_CO_LONG.jpg', '2019-11-15 17:01:34', '2019-12-13 17:01:17'),
(97, 7, 1, 'Áo Da Màu Mận', 1500000, 'ao_da/MAU_MAN.jpg', '2019-11-15 17:01:34', '2019-12-13 17:01:17'),
(98, 7, 1, 'Áo Da Nâu VT9912N', 1500000, 'ao_da/NAU_VT9912N.jpg', '2019-11-15 17:01:34', '2019-12-13 17:01:17'),
(99, 7, 1, 'Áo Da Nâu VT9915N', 1500000, 'ao_da/NAU_VT9915N.jpg', '2019-11-15 17:01:34', '2019-12-13 17:01:18'),
(100, 7, 1, 'Áo Da Nâu VT9918N', 1500000, 'ao_da/NAU_VT9918N.jpg', '2019-11-15 17:01:34', '2019-12-13 17:01:18'),
(101, 7, 1, 'Áo Da Trắng AKBB909T', 1500000, 'ao_da/TRANG_AKBB909T.jpg', '2019-11-15 17:01:34', '2019-12-13 17:01:18'),
(102, 7, 1, 'Áo Da Trắng AKBB951T', 1500000, 'ao_da/TRANG_AKBB951T.jpg', '2019-11-15 17:01:34', '2019-12-13 17:01:18'),
(103, 7, 1, 'Áo Da Xanh 9920X', 1500000, 'ao_da/XANH_9920X.jpg', '2019-11-15 17:01:34', '2019-12-13 17:01:18'),
(104, 7, 1, 'Áo Da Xanh VT9912X', 1500000, 'ao_da/XANH_VT9912X.jpg', '2019-11-15 17:01:34', '2019-12-13 17:01:18'),
(105, 8, 1, 'Quần Âu Cao Cấp Kẻ Nhỏ', 700000, 'quan_au/QUAN_AU_CAO_CAP_KE_NHO.jpg', '2019-11-15 17:46:10', '2019-12-13 17:01:19'),
(106, 8, 1, 'Quần Âu Cao Cấp Xanh Ánh', 700000, 'quan_au/QUAN_AU_CAO_CAP_XANH_ANH.jpg', '2019-11-15 17:46:10', '2019-12-13 17:01:19'),
(107, 8, 1, 'Quần Âu Cao Cấp Xanh Rêu', 600000, 'quan_au/QUAN_AU_CAO_CAP_XANH_REU.jpg', '2019-11-15 17:46:10', '2019-12-13 17:01:19'),
(108, 8, 1, 'Quần Âu Đen', 600000, 'quan_au/QUAN_AU_DEN.jpg', '2019-11-15 17:46:10', '2019-12-13 17:01:19'),
(109, 8, 1, 'Quần Âu Hàn Quốc Ghi Sáng', 600000, 'quan_au/QUAN_AU_HAN_QUOC_GHI_SANG.jpg', '2019-11-15 17:46:10', '2019-12-13 17:01:19'),
(110, 8, 1, 'Quần Âu Kẻ Ô Xanh Đen', 700000, 'quan_au/QUAN_AU_KE_O_XANH_DEN.jpg', '2019-11-15 17:46:10', '2019-12-13 17:01:19'),
(111, 8, 1, 'Quần Âu Nam Xanh', 700000, 'quan_au/QUAN_AU_NAM_XANH.jpg', '2019-11-15 17:46:10', '2019-12-13 17:01:20'),
(112, 8, 1, 'Quần Âu Nam Be Xước', 700000, 'quan_au/QUAN_AU_NAM_BE_XUOC.jpg', '2019-11-15 17:46:10', '2019-12-13 17:01:20'),
(113, 8, 1, 'Quần Âu Nam Cao Cấp Nâu Kẻ', 750000, 'quan_au/QUAN_AU_NAM_CAO_CAP_NAU_KE.jpg', '2019-11-15 17:46:10', '2019-12-13 17:01:20'),
(114, 8, 1, 'Quần Âu Nam Đen Kẻ LH38', 700000, 'quan_au/QUAN_AU_NAM_DEN_KE_LH38.jpg', '2019-11-15 17:46:10', '2019-12-13 17:01:20'),
(115, 8, 1, 'Quần Âu Nam Đen Kẻ', 700000, 'quan_au/QUAN_AU_NAM_DEN_KE.jpg', '2019-11-15 17:46:10', '2019-12-13 17:01:20'),
(116, 8, 1, 'Quần Âu Nam Đẹp Ghi Kẻ', 700000, 'quan_au/QUAN_AU_NAM_DEP_GHI_KE.jpg', '2019-11-15 17:46:10', '2019-12-13 17:01:20'),
(117, 8, 1, 'Quần Âu Nam Đẹp Kẻ Ghi', 700000, 'quan_au/QUAN_AU_NAM_DEP_KE_GHI.jpg', '2019-11-15 17:46:10', '2019-12-13 17:01:21'),
(118, 8, 1, 'Quần Âu Nam Đẹp Kẻ Xanh Đỏ', 700000, 'quan_au/QUAN_AU_NAM_DEP_KE_XANH_DO.jpg', '2019-11-15 17:46:10', '2019-12-13 17:01:21'),
(119, 8, 1, 'Quần Âu Nam Đẹp Tím Sẫm', 600000, 'quan_au/QUAN_AU_NAM_DEP_TIM_SAM.jpg', '2019-11-15 17:46:10', '2019-12-13 17:01:21'),
(120, 8, 1, 'Quần Âu Nam Đẹp Xanh Cốm', 700000, 'quan_au/QUAN_AU_NAM_DEP_XANH_COM.jpg', '2019-11-15 17:46:10', '2019-12-13 17:01:21');

-- --------------------------------------------------------

--
-- Table structure for table `product_size`
--

CREATE TABLE `product_size` (
  `id` bigint(20) NOT NULL,
  `product_id` bigint(20) NOT NULL,
  `size_id` bigint(20) NOT NULL,
  `quantity_stock` bigint(11) NOT NULL,
  `created_at` datetime NOT NULL,
  `updated_at` datetime NOT NULL
) ENGINE=InnoDB DEFAULT CHARSET=utf8;

--
-- Dumping data for table `product_size`
--

INSERT INTO `product_size` (`id`, `product_id`, `size_id`, `quantity_stock`, `created_at`, `updated_at`) VALUES
(9, 2, 1, 10, '2019-11-18 16:11:22', '2019-12-19 15:58:05'),
(10, 2, 2, 10, '2019-11-18 16:11:22', '2019-12-17 16:28:06'),
(11, 2, 3, 10, '2019-11-18 16:11:22', '2019-12-17 16:28:06'),
(12, 2, 4, 10, '2019-11-18 16:11:22', '2019-12-17 16:28:06'),
(13, 3, 1, 10, '2019-11-18 16:11:22', '2019-12-17 17:24:38'),
(14, 3, 2, 10, '2019-11-18 16:11:22', '2019-12-17 16:28:06'),
(15, 3, 3, 10, '2019-11-18 16:11:22', '2019-12-17 16:28:06'),
(16, 3, 4, 10, '2019-11-18 16:11:22', '2019-12-17 16:28:06'),
(17, 4, 1, 10, '2019-11-18 16:11:22', '2019-12-17 16:29:30'),
(18, 4, 2, 10, '2019-11-18 16:11:22', '2019-12-17 16:28:06'),
(19, 4, 3, 10, '2019-11-18 16:11:22', '2019-12-17 16:28:06'),
(20, 4, 4, 10, '2019-11-18 16:11:22', '2019-12-17 16:28:06'),
(21, 5, 1, 10, '2019-11-18 16:11:22', '2019-12-17 16:29:30'),
(22, 5, 2, 10, '2019-11-18 16:11:22', '2019-12-17 16:28:07'),
(23, 5, 3, 10, '2019-11-18 16:11:22', '2019-12-17 16:28:07'),
(24, 5, 4, 10, '2019-11-18 16:11:22', '2019-12-17 16:28:07'),
(25, 6, 1, 10, '2019-11-18 16:11:22', '2019-12-17 16:29:30'),
(26, 6, 2, 10, '2019-11-18 16:11:22', '2019-12-17 16:28:07'),
(27, 6, 3, 10, '2019-11-18 16:11:22', '2019-12-17 16:28:07'),
(28, 6, 4, 10, '2019-11-18 16:11:22', '2019-12-17 16:28:07'),
(29, 7, 1, 10, '2019-11-18 16:11:22', '2019-12-17 16:29:30'),
(30, 7, 2, 10, '2019-11-18 16:11:22', '2019-12-17 16:28:07'),
(31, 7, 3, 10, '2019-11-18 16:11:22', '2019-12-17 16:28:07'),
(32, 7, 4, 10, '2019-11-18 16:11:22', '2019-12-17 16:28:07'),
(33, 8, 1, 10, '2019-11-18 16:11:22', '2019-12-17 16:29:30'),
(34, 8, 2, 10, '2019-11-18 16:11:22', '2019-12-17 16:28:07'),
(35, 8, 3, 10, '2019-11-18 16:11:22', '2019-12-17 16:28:07'),
(36, 8, 4, 10, '2019-11-18 16:11:22', '2019-12-17 16:28:07'),
(37, 9, 1, 10, '2019-11-18 16:11:22', '2019-12-17 16:29:30'),
(38, 9, 2, 10, '2019-11-18 16:11:22', '2019-12-17 16:28:07'),
(39, 9, 3, 10, '2019-11-18 16:11:22', '2019-12-17 16:28:07'),
(40, 9, 4, 10, '2019-11-18 16:11:22', '2019-12-17 16:28:07'),
(41, 10, 1, 10, '2019-11-18 16:11:22', '2019-12-17 16:29:30'),
(42, 10, 2, 10, '2019-11-18 16:11:22', '2019-12-17 16:28:07'),
(43, 10, 3, 10, '2019-11-18 16:11:22', '2019-12-17 16:28:07'),
(44, 10, 4, 10, '2019-11-18 16:11:22', '2019-12-17 16:28:07'),
(45, 11, 1, 10, '2019-11-18 16:11:22', '2019-12-17 16:29:30'),
(46, 11, 2, 10, '2019-11-18 16:11:22', '2019-12-17 16:28:08'),
(47, 11, 3, 10, '2019-11-18 16:11:22', '2019-12-17 16:28:08'),
(48, 11, 4, 10, '2019-11-18 16:11:22', '2019-12-17 16:28:08'),
(49, 12, 1, 10, '2019-11-18 16:11:22', '2019-12-17 16:29:30'),
(50, 12, 2, 10, '2019-11-18 16:11:22', '2019-12-17 16:28:08'),
(51, 12, 3, 10, '2019-11-18 16:11:22', '2019-12-17 16:28:08'),
(52, 12, 4, 10, '2019-11-18 16:11:22', '2019-12-17 16:28:08'),
(53, 13, 1, 10, '2019-11-18 16:11:22', '2019-12-17 16:29:30'),
(54, 13, 2, 10, '2019-11-18 16:11:22', '2019-12-17 16:28:08'),
(55, 13, 3, 10, '2019-11-18 16:11:22', '2019-12-17 16:28:08'),
(56, 13, 4, 10, '2019-11-18 16:11:22', '2019-12-17 16:28:08'),
(57, 14, 1, 10, '2019-11-18 16:11:22', '2019-12-17 16:29:30'),
(58, 14, 2, 10, '2019-11-18 16:11:22', '2019-12-17 16:28:08'),
(59, 14, 3, 10, '2019-11-18 16:11:22', '2019-12-17 16:28:08'),
(60, 14, 4, 10, '2019-11-18 16:11:22', '2019-12-17 16:28:08'),
(61, 15, 1, 10, '2019-11-18 16:11:22', '2019-12-17 16:29:30'),
(62, 15, 2, 10, '2019-11-18 16:11:22', '2019-12-17 16:28:08'),
(63, 15, 3, 10, '2019-11-18 16:11:22', '2019-12-17 16:28:08'),
(64, 15, 4, 10, '2019-11-18 16:11:22', '2019-12-17 16:28:08'),
(65, 16, 1, 10, '2019-11-18 16:11:22', '2019-12-17 16:29:30'),
(66, 16, 2, 10, '2019-11-18 16:11:22', '2019-12-17 16:28:08'),
(67, 16, 3, 10, '2019-11-18 16:11:22', '2019-12-17 16:28:08'),
(68, 16, 4, 10, '2019-11-18 16:11:22', '2019-12-17 16:28:08'),
(69, 17, 1, 10, '2019-11-18 16:11:22', '2019-12-26 17:26:58'),
(70, 17, 2, 10, '2019-11-18 16:11:22', '2019-12-17 16:28:08'),
(71, 17, 3, 10, '2019-11-18 16:11:22', '2019-12-17 16:28:08'),
(72, 17, 4, 10, '2019-11-18 16:11:22', '2019-12-17 16:28:08'),
(73, 18, 1, 10, '2019-11-18 16:11:22', '2019-12-26 11:04:30'),
(74, 18, 2, 10, '2019-11-18 16:11:22', '2019-12-17 16:28:09'),
(75, 18, 3, 10, '2019-11-18 16:11:22', '2019-12-17 16:28:09'),
(76, 18, 4, 10, '2019-11-18 16:11:22', '2019-12-24 19:29:14'),
(77, 19, 1, 10, '2019-11-18 16:11:22', '2019-12-17 16:29:30'),
(78, 19, 2, 10, '2019-11-18 16:11:22', '2019-12-17 16:28:09'),
(79, 19, 3, 10, '2019-11-18 16:11:22', '2019-12-17 16:28:09'),
(80, 19, 4, 10, '2019-11-18 16:11:22', '2019-12-17 16:28:09'),
(81, 20, 1, 10, '2019-11-18 16:11:22', '2019-12-17 16:29:30'),
(82, 20, 2, 10, '2019-11-18 16:11:22', '2019-12-17 16:28:09'),
(83, 20, 3, 10, '2019-11-18 16:11:22', '2019-12-17 16:28:09'),
(84, 20, 4, 10, '2019-11-18 16:11:22', '2019-12-17 16:28:09'),
(85, 21, 1, 10, '2019-11-18 16:11:22', '2019-12-17 16:29:30'),
(86, 21, 2, 10, '2019-11-18 16:11:22', '2019-12-17 16:28:09'),
(87, 21, 3, 10, '2019-11-18 16:11:22', '2019-12-17 16:28:09'),
(88, 21, 4, 10, '2019-11-18 16:11:22', '2019-12-17 16:28:09'),
(89, 22, 1, 10, '2019-11-18 16:11:22', '2019-12-17 16:29:30'),
(90, 22, 2, 10, '2019-11-18 16:11:22', '2019-12-17 16:28:09'),
(91, 22, 3, 10, '2019-11-18 16:11:22', '2019-12-17 16:28:09'),
(92, 22, 4, 10, '2019-11-18 16:11:22', '2019-12-17 16:28:09'),
(93, 23, 1, 10, '2019-11-18 16:11:22', '2019-12-17 16:29:30'),
(94, 23, 2, 10, '2019-11-18 16:11:22', '2019-12-17 16:28:10'),
(95, 23, 3, 10, '2019-11-18 16:11:22', '2019-12-17 16:28:10'),
(96, 23, 4, 10, '2019-11-18 16:11:22', '2019-12-17 16:28:10'),
(97, 24, 1, 10, '2019-11-18 16:11:22', '2019-12-17 16:29:31'),
(98, 24, 2, 10, '2019-11-18 16:11:22', '2019-12-17 16:28:10'),
(99, 24, 3, 10, '2019-11-18 16:11:22', '2019-12-17 16:28:10'),
(100, 24, 4, 10, '2019-11-18 16:11:22', '2019-12-17 16:28:10'),
(101, 25, 1, 10, '2019-11-18 16:11:22', '2019-12-17 16:29:31'),
(102, 25, 2, 10, '2019-11-18 16:11:22', '2019-12-17 16:28:10'),
(103, 25, 3, 10, '2019-11-18 16:11:22', '2019-12-17 16:28:10'),
(104, 25, 4, 10, '2019-11-18 16:11:22', '2019-12-17 16:28:10'),
(105, 26, 1, 10, '2019-11-18 16:11:22', '2019-12-17 16:29:31'),
(106, 26, 2, 10, '2019-11-18 16:11:22', '2019-12-17 16:28:10'),
(107, 26, 3, 10, '2019-11-18 16:11:22', '2019-12-17 16:28:10'),
(108, 26, 4, 10, '2019-11-18 16:11:22', '2019-12-17 16:28:10'),
(109, 27, 1, 10, '2019-11-18 16:11:22', '2019-12-17 16:29:31'),
(110, 27, 2, 10, '2019-11-18 16:11:22', '2019-12-17 16:28:10'),
(111, 27, 3, 10, '2019-11-18 16:11:22', '2019-12-17 16:28:10'),
(112, 27, 4, 10, '2019-11-18 16:11:22', '2019-12-17 16:28:10'),
(113, 28, 1, 10, '2019-11-18 16:11:22', '2019-12-17 16:29:31'),
(114, 28, 2, 10, '2019-11-18 16:11:22', '2019-12-17 16:28:10'),
(115, 28, 3, 10, '2019-11-18 16:11:22', '2019-12-17 16:28:10'),
(116, 28, 4, 10, '2019-11-18 16:11:22', '2019-12-17 16:28:11'),
(117, 29, 1, 10, '2019-11-18 16:11:22', '2019-12-17 16:29:31'),
(118, 29, 2, 10, '2019-11-18 16:11:22', '2019-12-17 16:28:11'),
(119, 29, 3, 10, '2019-11-18 16:11:22', '2019-12-17 16:28:11'),
(120, 29, 4, 10, '2019-11-18 16:11:22', '2019-12-17 16:28:11'),
(121, 30, 1, 10, '2019-11-18 16:11:22', '2019-12-17 16:29:31'),
(122, 30, 2, 10, '2019-11-18 16:11:22', '2019-12-17 16:28:11'),
(123, 30, 3, 10, '2019-11-18 16:11:22', '2019-12-17 16:28:11'),
(124, 30, 4, 10, '2019-11-18 16:11:22', '2019-12-17 16:28:11'),
(125, 31, 1, 10, '2019-11-18 16:11:22', '2019-12-17 16:29:31'),
(126, 31, 2, 10, '2019-11-18 16:11:22', '2019-12-17 16:28:11'),
(127, 31, 3, 10, '2019-11-18 16:11:22', '2019-12-17 16:28:11'),
(128, 31, 4, 10, '2019-11-18 16:11:22', '2019-12-17 16:28:11'),
(129, 32, 1, 10, '2019-11-18 16:11:22', '2019-12-17 16:29:31'),
(130, 32, 2, 10, '2019-11-18 16:11:22', '2019-12-17 16:28:11'),
(131, 32, 3, 10, '2019-11-18 16:11:22', '2019-12-17 16:28:11'),
(132, 32, 4, 10, '2019-11-18 16:11:22', '2019-12-17 16:28:11'),
(133, 76, 5, 10, '2019-11-18 16:11:22', '2019-12-24 11:01:14'),
(134, 76, 6, 10, '2019-11-18 16:11:22', '2019-12-17 16:28:13'),
(135, 76, 7, 10, '2019-11-18 16:11:22', '2019-12-17 16:28:13'),
(136, 76, 8, 10, '2019-11-18 16:11:22', '2019-12-17 16:28:13'),
(137, 76, 9, 10, '2019-11-18 16:11:22', '2019-12-26 10:52:55'),
(138, 77, 5, 10, '2019-11-18 16:11:22', '2019-12-17 17:16:43'),
(139, 77, 6, 10, '2019-11-18 16:11:22', '2019-12-17 16:28:14'),
(140, 77, 7, 10, '2019-11-18 16:11:22', '2019-12-17 16:28:14'),
(141, 77, 8, 10, '2019-11-18 16:11:22', '2019-12-17 16:28:14'),
(142, 77, 9, 10, '2019-11-18 16:11:22', '2019-12-17 16:28:14'),
(143, 78, 5, 10, '2019-11-18 16:11:22', '2019-12-17 16:28:14'),
(144, 78, 6, 10, '2019-11-18 16:11:22', '2019-12-17 16:28:14'),
(145, 78, 7, 10, '2019-11-18 16:11:22', '2019-12-17 16:28:14'),
(146, 78, 8, 10, '2019-11-18 16:11:22', '2019-12-17 16:28:14'),
(147, 78, 9, 10, '2019-11-18 16:11:22', '2019-12-17 16:28:14'),
(148, 79, 5, 10, '2019-11-18 16:11:22', '2019-12-17 16:28:14'),
(149, 79, 6, 10, '2019-11-18 16:11:22', '2019-12-17 16:28:14'),
(150, 79, 7, 10, '2019-11-18 16:11:22', '2019-12-17 16:28:14'),
(151, 79, 8, 10, '2019-11-18 16:11:22', '2019-12-17 16:28:14'),
(152, 79, 9, 10, '2019-11-18 16:11:22', '2019-12-17 16:28:14'),
(153, 80, 5, 10, '2019-11-18 16:11:22', '2019-12-17 16:28:14'),
(154, 80, 6, 10, '2019-11-18 16:11:22', '2019-12-17 16:28:14'),
(155, 80, 7, 10, '2019-11-18 16:11:22', '2019-12-17 16:28:14'),
(156, 80, 8, 10, '2019-11-18 16:11:22', '2019-12-17 16:28:14'),
(157, 80, 9, 10, '2019-11-18 16:11:22', '2019-12-17 16:28:14'),
(158, 81, 5, 10, '2019-11-18 16:11:22', '2019-12-17 16:28:14'),
(159, 81, 6, 10, '2019-11-18 16:11:22', '2019-12-17 16:28:14'),
(160, 81, 7, 10, '2019-11-18 16:11:22', '2019-12-17 16:28:15'),
(161, 81, 8, 10, '2019-11-18 16:11:22', '2019-12-17 16:28:15'),
(162, 81, 9, 10, '2019-11-18 16:11:22', '2019-12-17 16:28:15'),
(163, 82, 5, 10, '2019-11-18 16:11:22', '2019-12-17 16:28:15'),
(164, 82, 6, 10, '2019-11-18 16:11:22', '2019-12-17 16:28:15'),
(165, 82, 7, 10, '2019-11-18 16:11:22', '2019-12-17 16:28:15'),
(166, 82, 8, 10, '2019-11-18 16:11:22', '2019-12-17 16:28:15'),
(167, 82, 9, 10, '2019-11-18 16:11:22', '2019-12-17 16:28:15'),
(168, 83, 5, 10, '2019-11-18 16:11:22', '2019-12-17 16:28:15'),
(169, 83, 6, 10, '2019-11-18 16:11:22', '2019-12-17 16:28:15'),
(170, 83, 7, 10, '2019-11-18 16:11:22', '2019-12-17 16:28:15'),
(171, 83, 8, 10, '2019-11-18 16:11:22', '2019-12-17 16:28:15'),
(172, 83, 9, 10, '2019-11-18 16:11:22', '2019-12-17 16:28:15'),
(173, 84, 5, 10, '2019-11-18 16:11:22', '2019-12-17 16:28:15'),
(174, 84, 6, 10, '2019-11-18 16:11:22', '2019-12-17 16:28:15'),
(175, 84, 7, 10, '2019-11-18 16:11:22', '2019-12-17 16:28:15'),
(176, 84, 8, 10, '2019-11-18 16:11:22', '2019-12-17 16:28:15'),
(177, 84, 9, 10, '2019-11-18 16:11:22', '2019-12-17 16:28:15'),
(178, 85, 5, 10, '2019-11-18 16:11:22', '2019-12-17 16:28:15'),
(179, 85, 6, 10, '2019-11-18 16:11:22', '2019-12-17 16:28:15'),
(180, 85, 7, 10, '2019-11-18 16:11:22', '2019-12-17 16:28:16'),
(181, 85, 8, 10, '2019-11-18 16:11:22', '2019-12-17 16:28:16'),
(182, 85, 9, 10, '2019-11-18 16:11:22', '2019-12-17 16:28:16'),
(183, 86, 5, 10, '2019-11-18 16:11:22', '2019-12-17 16:28:16'),
(184, 86, 6, 10, '2019-11-18 16:11:22', '2019-12-17 16:28:16'),
(185, 86, 7, 10, '2019-11-18 16:11:22', '2019-12-17 16:28:16'),
(186, 86, 8, 10, '2019-11-18 16:11:22', '2019-12-17 16:28:16'),
(187, 86, 9, 10, '2019-11-18 16:11:22', '2019-12-17 16:28:16'),
(188, 87, 5, 10, '2019-11-18 16:11:22', '2019-12-17 16:28:16'),
(189, 87, 6, 10, '2019-11-18 16:11:22', '2019-12-17 16:28:16'),
(190, 87, 7, 10, '2019-11-18 16:11:22', '2019-12-17 16:28:16'),
(191, 87, 8, 10, '2019-11-18 16:11:22', '2019-12-17 16:28:16'),
(192, 87, 9, 10, '2019-11-18 16:11:22', '2019-12-17 16:28:16'),
(193, 88, 5, 10, '2019-11-18 16:11:22', '2019-12-17 16:28:16'),
(194, 88, 6, 10, '2019-11-18 16:11:22', '2019-12-17 16:28:16'),
(195, 88, 7, 10, '2019-11-18 16:11:22', '2019-12-17 16:28:16'),
(196, 88, 8, 10, '2019-11-18 16:11:22', '2019-12-17 16:28:16'),
(197, 88, 9, 10, '2019-11-18 16:11:22', '2019-12-17 16:28:16'),
(198, 89, 5, 10, '2019-11-18 16:11:22', '2019-12-17 16:28:16'),
(199, 89, 6, 10, '2019-11-18 16:11:22', '2019-12-17 16:28:16'),
(200, 89, 7, 10, '2019-11-18 16:11:22', '2019-12-17 16:28:16'),
(201, 89, 8, 10, '2019-11-18 16:11:22', '2019-12-17 16:28:16'),
(202, 89, 9, 10, '2019-11-18 16:11:22', '2019-12-17 16:28:16'),
(203, 90, 5, 10, '2019-11-18 16:11:22', '2019-12-17 16:28:17'),
(204, 90, 6, 10, '2019-11-18 16:11:22', '2019-12-17 16:28:17'),
(205, 90, 7, 10, '2019-11-18 16:11:22', '2019-12-17 16:28:17'),
(206, 90, 8, 10, '2019-11-18 16:11:22', '2019-12-17 16:28:17'),
(207, 90, 9, 10, '2019-11-18 16:11:22', '2019-12-17 16:28:17'),
(208, 91, 5, 10, '2019-11-18 16:11:22', '2019-12-17 16:28:17'),
(209, 91, 6, 10, '2019-11-18 16:11:22', '2019-12-17 16:28:17'),
(210, 91, 7, 10, '2019-11-18 16:11:22', '2019-12-17 16:28:17'),
(211, 91, 8, 10, '2019-11-18 16:11:22', '2019-12-17 16:28:17'),
(212, 91, 9, 10, '2019-11-18 16:11:22', '2019-12-17 16:28:17'),
(213, 92, 1, 10, '2019-11-18 16:11:22', '2019-12-26 17:17:15'),
(214, 92, 2, 10, '2019-11-18 16:11:22', '2019-12-25 16:31:12'),
(215, 92, 3, 10, '2019-11-18 16:11:22', '2019-12-17 16:28:17'),
(216, 92, 4, 10, '2019-11-18 16:11:22', '2019-12-17 16:28:17'),
(217, 93, 1, 10, '2019-11-18 16:11:22', '2019-12-24 19:36:05'),
(218, 93, 2, 10, '2019-11-18 16:11:22', '2019-12-17 16:28:17'),
(219, 93, 3, 10, '2019-11-18 16:11:22', '2019-12-17 16:28:17'),
(220, 93, 4, 10, '2019-11-18 16:11:22', '2019-12-17 16:28:17'),
(221, 94, 1, 10, '2019-11-18 16:11:22', '2019-12-25 16:07:39'),
(222, 94, 2, 10, '2019-11-18 16:11:22', '2019-12-17 16:28:17'),
(223, 94, 3, 10, '2019-11-18 16:11:22', '2019-12-17 16:28:18'),
(224, 94, 4, 10, '2019-11-18 16:11:22', '2019-12-17 16:28:18'),
(225, 95, 1, 10, '2019-11-18 16:11:22', '2019-12-17 16:29:31'),
(226, 95, 2, 10, '2019-11-18 16:11:22', '2019-12-17 16:28:18'),
(227, 95, 3, 10, '2019-11-18 16:11:22', '2019-12-17 16:28:18'),
(228, 95, 4, 10, '2019-11-18 16:11:22', '2019-12-17 16:28:18'),
(229, 96, 1, 10, '2019-11-18 16:11:22', '2019-12-17 16:29:31'),
(230, 96, 2, 10, '2019-11-18 16:11:22', '2019-12-17 16:28:18'),
(231, 96, 3, 10, '2019-11-18 16:11:22', '2019-12-17 16:28:18'),
(232, 96, 4, 10, '2019-11-18 16:11:22', '2019-12-17 16:28:18'),
(233, 97, 1, 10, '2019-11-18 16:11:22', '2019-12-17 16:29:31'),
(234, 97, 2, 10, '2019-11-18 16:11:22', '2019-12-17 16:28:18'),
(235, 97, 3, 10, '2019-11-18 16:11:22', '2019-12-17 16:28:18'),
(236, 97, 4, 10, '2019-11-18 16:11:22', '2019-12-17 16:28:18'),
(237, 98, 1, 10, '2019-11-18 16:11:22', '2019-12-17 16:29:31'),
(238, 98, 2, 10, '2019-11-18 16:11:22', '2019-12-17 16:28:18'),
(239, 98, 3, 10, '2019-11-18 16:11:22', '2019-12-17 16:28:18'),
(240, 98, 4, 10, '2019-11-18 16:11:22', '2019-12-17 16:28:18'),
(241, 99, 1, 10, '2019-11-18 16:11:22', '2019-12-17 16:29:31'),
(242, 99, 2, 10, '2019-11-18 16:11:22', '2019-12-17 16:28:18'),
(243, 99, 3, 10, '2019-11-18 16:11:22', '2019-12-17 16:28:18'),
(244, 99, 4, 10, '2019-11-18 16:11:22', '2019-12-17 16:28:19'),
(245, 100, 1, 10, '2019-11-18 16:11:22', '2019-12-24 16:27:14'),
(246, 100, 2, 10, '2019-11-18 16:11:22', '2019-12-17 16:28:19'),
(247, 100, 3, 10, '2019-11-18 16:11:22', '2019-12-17 16:28:19'),
(248, 100, 4, 10, '2019-11-18 16:11:22', '2019-12-17 16:28:19'),
(249, 101, 1, 10, '2019-11-18 16:11:22', '2019-12-17 16:29:31'),
(250, 101, 2, 10, '2019-11-18 16:11:22', '2019-12-17 16:28:19'),
(251, 101, 3, 10, '2019-11-18 16:11:22', '2019-12-17 16:28:19'),
(252, 101, 4, 10, '2019-11-18 16:11:22', '2019-12-17 16:28:19'),
(253, 102, 1, 10, '2019-11-18 16:11:22', '2019-12-17 16:29:31'),
(254, 102, 2, 10, '2019-11-18 16:11:22', '2019-12-17 16:28:19'),
(255, 102, 3, 10, '2019-11-18 16:11:22', '2019-12-17 16:28:19'),
(256, 102, 4, 10, '2019-11-18 16:11:22', '2019-12-17 16:28:19'),
(257, 103, 1, 10, '2019-11-18 16:11:22', '2019-12-17 16:29:31'),
(258, 103, 2, 10, '2019-11-18 16:11:22', '2019-12-17 16:28:19'),
(259, 103, 3, 10, '2019-11-18 16:11:22', '2019-12-17 16:28:19'),
(260, 103, 4, 10, '2019-11-18 16:11:22', '2019-12-17 16:28:19'),
(261, 104, 1, 10, '2019-11-18 16:11:22', '2019-12-17 16:29:32'),
(262, 104, 2, 10, '2019-11-18 16:11:22', '2019-12-17 16:28:19'),
(263, 104, 3, 10, '2019-11-18 16:11:22', '2019-12-17 16:28:19'),
(264, 104, 4, 10, '2019-11-18 16:11:22', '2019-12-17 16:28:19'),
(265, 105, 1, 10, '2019-11-18 16:11:22', '2019-12-24 11:06:48'),
(266, 105, 2, 10, '2019-11-18 16:11:22', '2019-12-17 16:28:20'),
(267, 105, 3, 10, '2019-11-18 16:11:22', '2019-12-17 16:28:20'),
(268, 105, 4, 10, '2019-11-18 16:11:22', '2019-12-17 16:28:20'),
(269, 106, 1, 10, '2019-11-18 16:11:22', '2019-12-22 19:10:53'),
(270, 106, 2, 10, '2019-11-18 16:11:22', '2019-12-17 16:28:20'),
(271, 106, 3, 10, '2019-11-18 16:11:22', '2019-12-17 17:14:00'),
(272, 106, 4, 10, '2019-11-18 16:11:22', '2019-12-17 16:28:20'),
(273, 107, 1, 10, '2019-11-18 16:11:22', '2019-12-25 16:07:39'),
(274, 107, 2, 10, '2019-11-18 16:11:22', '2019-12-17 16:28:20'),
(275, 107, 3, 10, '2019-11-18 16:11:22', '2019-12-17 16:28:20'),
(276, 107, 4, 10, '2019-11-18 16:11:22', '2019-12-17 16:28:20'),
(277, 108, 1, 10, '2019-11-18 16:11:22', '2019-12-17 16:29:32'),
(278, 108, 2, 10, '2019-11-18 16:11:22', '2019-12-17 16:28:20'),
(279, 108, 3, 10, '2019-11-18 16:11:22', '2019-12-17 16:28:20'),
(280, 108, 4, 10, '2019-11-18 16:11:22', '2019-12-17 16:28:20'),
(281, 109, 1, 10, '2019-11-18 16:11:22', '2019-12-17 16:29:32'),
(282, 109, 2, 10, '2019-11-18 16:11:22', '2019-12-17 16:28:20'),
(283, 109, 3, 10, '2019-11-18 16:11:22', '2019-12-17 16:28:20'),
(284, 109, 4, 10, '2019-11-18 16:11:22', '2019-12-17 16:28:20'),
(285, 110, 1, 10, '2019-11-18 16:11:22', '2019-12-17 16:29:32'),
(286, 110, 2, 10, '2019-11-18 16:11:22', '2019-12-17 16:28:21'),
(287, 110, 3, 10, '2019-11-18 16:11:22', '2019-12-17 16:28:21'),
(288, 110, 4, 10, '2019-11-18 16:11:22', '2019-12-17 16:28:21'),
(289, 111, 1, 10, '2019-11-18 16:11:22', '2019-12-17 16:29:32'),
(290, 111, 2, 10, '2019-11-18 16:11:22', '2019-12-17 16:28:21'),
(291, 111, 3, 10, '2019-11-18 16:11:22', '2019-12-17 16:28:21'),
(292, 111, 4, 10, '2019-11-18 16:11:22', '2019-12-17 16:28:21'),
(293, 112, 1, 10, '2019-11-18 16:11:22', '2019-12-17 16:29:32'),
(294, 112, 2, 10, '2019-11-18 16:11:22', '2019-12-17 16:28:21'),
(295, 112, 3, 10, '2019-11-18 16:11:22', '2019-12-17 16:28:21'),
(296, 112, 4, 10, '2019-11-18 16:11:22', '2019-12-17 16:28:21'),
(297, 113, 1, 10, '2019-11-18 16:11:22', '2019-12-17 16:29:32'),
(298, 113, 2, 10, '2019-11-18 16:11:22', '2019-12-17 16:28:21'),
(299, 113, 3, 10, '2019-11-18 16:11:22', '2019-12-17 16:28:21'),
(300, 113, 4, 10, '2019-11-18 16:11:22', '2019-12-17 16:28:21'),
(301, 114, 1, 10, '2019-11-18 16:11:22', '2019-12-17 16:29:32'),
(302, 114, 2, 10, '2019-11-18 16:11:22', '2019-12-17 16:28:21'),
(303, 114, 3, 10, '2019-11-18 16:11:22', '2019-12-17 16:28:21'),
(304, 114, 4, 10, '2019-11-18 16:11:22', '2019-12-17 16:28:21'),
(305, 115, 1, 10, '2019-11-18 16:11:22', '2019-12-17 16:29:32'),
(306, 115, 2, 10, '2019-11-18 16:11:22', '2019-12-17 16:28:22'),
(307, 115, 3, 10, '2019-11-18 16:11:22', '2019-12-17 16:28:22'),
(308, 115, 4, 10, '2019-11-18 16:11:22', '2019-12-17 16:28:22'),
(309, 116, 1, 10, '2019-11-18 16:11:22', '2019-12-17 16:29:32'),
(310, 116, 2, 10, '2019-11-18 16:11:22', '2019-12-17 16:28:22'),
(311, 116, 3, 10, '2019-11-18 16:11:22', '2019-12-17 16:28:22'),
(312, 116, 4, 10, '2019-11-18 16:11:22', '2019-12-17 16:28:22'),
(313, 117, 1, 10, '2019-11-18 16:11:22', '2019-12-17 16:29:32'),
(314, 117, 2, 10, '2019-11-18 16:11:22', '2019-12-17 16:28:22'),
(315, 117, 3, 10, '2019-11-18 16:11:22', '2019-12-17 16:28:22'),
(316, 117, 4, 10, '2019-11-18 16:11:22', '2019-12-17 16:28:22'),
(317, 118, 1, 10, '2019-11-18 16:11:22', '2019-12-17 16:29:32'),
(318, 118, 2, 10, '2019-11-18 16:11:22', '2019-12-17 16:28:22'),
(319, 118, 3, 10, '2019-11-18 16:11:22', '2019-12-17 16:28:22'),
(320, 118, 4, 10, '2019-11-18 16:11:22', '2019-12-17 16:28:22'),
(321, 119, 1, 10, '2019-11-18 16:11:22', '2019-12-17 16:29:32'),
(322, 119, 2, 10, '2019-11-18 16:11:22', '2019-12-17 16:28:22'),
(323, 119, 3, 10, '2019-11-18 16:11:22', '2019-12-17 16:28:22'),
(324, 119, 4, 10, '2019-11-18 16:11:22', '2019-12-17 16:28:22'),
(329, 120, 1, 10, '2019-11-18 17:05:07', '2019-12-17 16:29:32'),
(330, 120, 2, 10, '2019-11-18 17:05:07', '2019-12-17 16:28:22'),
(331, 120, 3, 10, '2019-11-18 17:05:07', '2019-12-17 16:28:22'),
(332, 120, 4, 10, '2019-11-18 17:05:07', '2019-12-17 16:28:22'),
(333, 33, 10, 10, '2019-11-21 15:11:51', '2019-12-17 16:28:11'),
(334, 34, 10, 10, '2019-11-21 15:12:17', '2019-12-17 16:28:11'),
(335, 35, 10, 10, '2019-11-21 15:12:51', '2019-12-17 16:28:11'),
(336, 36, 10, 10, '2019-11-21 15:13:22', '2019-12-17 16:28:11'),
(337, 37, 10, 10, '2019-11-21 15:14:52', '2019-12-17 16:28:11'),
(338, 38, 10, 10, '2019-11-21 15:15:15', '2019-12-17 16:28:11'),
(339, 39, 10, 10, '2019-11-21 15:24:07', '2019-12-17 16:28:11'),
(340, 40, 10, 10, '2019-11-21 15:24:07', '2019-12-17 16:28:12'),
(341, 41, 10, 10, '2019-11-21 15:24:07', '2019-12-17 16:28:12'),
(342, 42, 10, 10, '2019-11-21 15:24:07', '2019-12-17 16:28:12'),
(343, 43, 10, 10, '2019-11-21 15:24:07', '2019-12-17 16:28:12'),
(344, 44, 10, 10, '2019-11-21 15:24:07', '2019-12-17 16:28:12'),
(345, 45, 10, 10, '2019-11-21 15:24:07', '2019-12-17 16:28:12'),
(346, 46, 10, 10, '2019-11-21 15:24:07', '2019-12-17 16:28:12'),
(347, 47, 10, 10, '2019-11-21 15:24:07', '2019-12-17 16:28:12'),
(348, 48, 10, 10, '2019-11-21 15:24:07', '2019-12-17 16:28:12'),
(349, 49, 10, 10, '2019-11-21 15:24:07', '2019-12-17 16:28:12'),
(350, 50, 10, 10, '2019-11-21 15:24:07', '2019-12-17 16:28:12'),
(351, 51, 10, 10, '2019-11-21 15:24:07', '2019-12-17 16:28:12'),
(352, 52, 10, 10, '2019-11-21 15:24:07', '2019-12-17 16:28:12'),
(353, 53, 10, 10, '2019-11-21 15:24:07', '2019-12-17 16:28:12'),
(354, 54, 10, 10, '2019-11-21 15:24:07', '2019-12-17 16:28:12'),
(355, 55, 10, 10, '2019-11-21 15:24:07', '2019-12-17 16:28:12'),
(356, 56, 10, 10, '2019-11-21 15:24:07', '2019-12-17 16:28:12'),
(357, 57, 10, 10, '2019-11-21 15:24:07', '2019-12-17 16:28:12'),
(358, 58, 10, 10, '2019-11-21 15:24:07', '2019-12-17 16:28:12'),
(359, 59, 10, 10, '2019-11-21 15:24:07', '2019-12-17 16:28:12'),
(360, 60, 10, 10, '2019-11-21 15:24:07', '2019-12-17 16:28:12'),
(361, 61, 10, 10, '2019-11-21 15:24:07', '2019-12-17 16:28:12'),
(362, 62, 10, 10, '2019-11-21 15:24:07', '2019-12-17 16:28:13'),
(363, 63, 10, 10, '2019-11-21 15:24:07', '2019-12-17 16:28:13'),
(364, 64, 10, 10, '2019-11-21 15:24:07', '2019-12-17 16:28:13'),
(365, 65, 10, 10, '2019-11-21 15:24:07', '2019-12-17 16:28:13'),
(366, 66, 10, 10, '2019-11-21 15:24:07', '2019-12-17 16:28:13'),
(367, 67, 10, 10, '2019-11-21 15:24:07', '2019-12-17 16:28:13'),
(368, 68, 10, 10, '2019-11-21 15:24:07', '2019-12-17 16:28:13'),
(369, 69, 10, 10, '2019-11-21 15:24:07', '2019-12-17 16:28:13'),
(370, 70, 10, 10, '2019-11-21 15:24:07', '2019-12-17 16:28:13'),
(371, 71, 10, 10, '2019-11-21 15:24:07', '2019-12-17 16:28:13'),
(372, 72, 10, 10, '2019-11-21 15:24:07', '2019-12-17 16:28:13'),
(373, 73, 10, 10, '2019-11-21 15:24:07', '2019-12-17 16:28:13'),
(374, 74, 10, 10, '2019-11-21 15:24:07', '2019-12-17 16:28:13'),
(375, 75, 10, 10, '2019-11-21 15:24:07', '2019-12-17 16:28:13'),
(376, 128, 3, 10, '2019-12-17 16:26:44', '2019-12-17 16:28:23'),
(377, 129, 1, 10, '2019-12-26 17:10:46', '2019-12-26 17:10:46');

-- --------------------------------------------------------

--
-- Table structure for table `sizes`
--

CREATE TABLE `sizes` (
  `id` bigint(20) NOT NULL,
  `name` varchar(10) NOT NULL,
  `created_at` datetime NOT NULL,
  `updated_at` datetime NOT NULL
) ENGINE=InnoDB DEFAULT CHARSET=utf8;

--
-- Dumping data for table `sizes`
--

INSERT INTO `sizes` (`id`, `name`, `created_at`, `updated_at`) VALUES
(1, 'M', '2019-11-18 15:43:46', '2019-11-18 15:43:46'),
(2, 'L', '2019-11-18 15:43:46', '2019-11-18 15:43:46'),
(3, 'XL', '2019-11-18 15:43:46', '2019-11-18 15:43:46'),
(4, 'XXL', '2019-11-18 15:43:46', '2019-11-18 15:43:46'),
(5, '39', '2019-11-18 15:43:46', '2019-11-18 15:43:46'),
(6, '40', '2019-11-18 15:43:46', '2019-11-18 15:43:46'),
(7, '41', '2019-11-18 15:43:46', '2019-11-18 15:43:46'),
(8, '42', '2019-11-18 15:43:46', '2019-11-18 15:43:46'),
(9, '43', '2019-11-18 15:43:46', '2019-11-18 15:43:46'),
(10, 'Only Size', '2019-11-21 15:09:35', '2019-11-21 15:09:38');

-- --------------------------------------------------------

--
-- Table structure for table `users`
--

CREATE TABLE `users` (
  `id` bigint(20) NOT NULL,
  `name` varchar(60) NOT NULL,
  `address` varchar(255) NOT NULL,
  `phone_number` varchar(20) NOT NULL,
  `email` varchar(100) NOT NULL,
  `password` varchar(255) NOT NULL,
  `role` int(11) NOT NULL,
  `created_at` datetime NOT NULL,
  `updated_at` datetime NOT NULL
) ENGINE=InnoDB DEFAULT CHARSET=utf8;

--
-- Dumping data for table `users`
--

INSERT INTO `users` (`id`, `name`, `address`, `phone_number`, `email`, `password`, `role`, `created_at`, `updated_at`) VALUES
(1, 'Admin', 'HN', '0987654322', 'admin@gmail.com', '$2y$10$1osan5eHLH12TJyJP5MEruOUXsY6PGp4hBdOdEv/LKkO4figw.mAu', 1, '2019-11-13 19:04:43', '2019-12-16 02:36:03'),
(17, 'Ngô Đức Nam', 'HN', '0356969828', 'nam@gmail.com', '$2y$10$j8xOweLcCGnSYU2rgPrJMOfZ7DycxrQg7IcAfGj5X2tWjjRSnvieO', 2, '2019-11-13 22:49:21', '2019-12-25 16:33:33');

--
-- Indexes for dumped tables
--

--
-- Indexes for table `brands`
--
ALTER TABLE `brands`
  ADD PRIMARY KEY (`id`);

--
-- Indexes for table `carts`
--
ALTER TABLE `carts`
  ADD PRIMARY KEY (`id`);

--
-- Indexes for table `categories`
--
ALTER TABLE `categories`
  ADD PRIMARY KEY (`id`);

--
-- Indexes for table `comments`
--
ALTER TABLE `comments`
  ADD PRIMARY KEY (`id`);

--
-- Indexes for table `orders`
--
ALTER TABLE `orders`
  ADD PRIMARY KEY (`id`);

--
-- Indexes for table `order_details`
--
ALTER TABLE `order_details`
  ADD PRIMARY KEY (`id`);

--
-- Indexes for table `partners`
--
ALTER TABLE `partners`
  ADD PRIMARY KEY (`id`),
  ADD KEY `email_unique` (`email`);

--
-- Indexes for table `products`
--
ALTER TABLE `products`
  ADD PRIMARY KEY (`id`);

--
-- Indexes for table `product_size`
--
ALTER TABLE `product_size`
  ADD PRIMARY KEY (`id`);

--
-- Indexes for table `sizes`
--
ALTER TABLE `sizes`
  ADD PRIMARY KEY (`id`);

--
-- Indexes for table `users`
--
ALTER TABLE `users`
  ADD PRIMARY KEY (`id`),
  ADD UNIQUE KEY `email_unique` (`email`);

--
-- AUTO_INCREMENT for dumped tables
--

--
-- AUTO_INCREMENT for table `brands`
--
ALTER TABLE `brands`
  MODIFY `id` bigint(20) NOT NULL AUTO_INCREMENT, AUTO_INCREMENT=2;

--
-- AUTO_INCREMENT for table `carts`
--
ALTER TABLE `carts`
  MODIFY `id` bigint(20) NOT NULL AUTO_INCREMENT, AUTO_INCREMENT=17;

--
-- AUTO_INCREMENT for table `categories`
--
ALTER TABLE `categories`
  MODIFY `id` bigint(20) NOT NULL AUTO_INCREMENT, AUTO_INCREMENT=10;

--
-- AUTO_INCREMENT for table `comments`
--
ALTER TABLE `comments`
  MODIFY `id` bigint(20) NOT NULL AUTO_INCREMENT, AUTO_INCREMENT=26;

--
-- AUTO_INCREMENT for table `orders`
--
ALTER TABLE `orders`
  MODIFY `id` bigint(20) NOT NULL AUTO_INCREMENT, AUTO_INCREMENT=56;

--
-- AUTO_INCREMENT for table `order_details`
--
ALTER TABLE `order_details`
  MODIFY `id` bigint(20) NOT NULL AUTO_INCREMENT, AUTO_INCREMENT=2253;

--
-- AUTO_INCREMENT for table `partners`
--
ALTER TABLE `partners`
  MODIFY `id` bigint(20) NOT NULL AUTO_INCREMENT, AUTO_INCREMENT=5;

--
-- AUTO_INCREMENT for table `products`
--
ALTER TABLE `products`
  MODIFY `id` bigint(20) NOT NULL AUTO_INCREMENT, AUTO_INCREMENT=130;

--
-- AUTO_INCREMENT for table `product_size`
--
ALTER TABLE `product_size`
  MODIFY `id` bigint(20) NOT NULL AUTO_INCREMENT, AUTO_INCREMENT=378;

--
-- AUTO_INCREMENT for table `sizes`
--
ALTER TABLE `sizes`
  MODIFY `id` bigint(20) NOT NULL AUTO_INCREMENT, AUTO_INCREMENT=11;

--
-- AUTO_INCREMENT for table `users`
--
ALTER TABLE `users`
  MODIFY `id` bigint(20) NOT NULL AUTO_INCREMENT, AUTO_INCREMENT=19;
COMMIT;

/*!40101 SET CHARACTER_SET_CLIENT=@OLD_CHARACTER_SET_CLIENT */;
/*!40101 SET CHARACTER_SET_RESULTS=@OLD_CHARACTER_SET_RESULTS */;
/*!40101 SET COLLATION_CONNECTION=@OLD_COLLATION_CONNECTION */;
